日期,可售期房套数,可售期房面积,可售期房住宅套数,可售期房住宅面积,可售期房商业单元,可售期房商业面积,可售期房办公单元,可售期房办公面积,可售期房车位个数,可售期房车位面积,未签约现房套数,未签约现房面积,未签约现房住宅套数,未签约现房住宅面积,未签约现房商业单元,未签约现房商业面积,现房项目个数,现房初始登记面积,现房住宅套数,现房住宅面积,现房商业单元,现房商业面积,预售许可证,预售许可面积,预售住宅套数,预售住宅面积,期房认购套数,期房认购面积,期房认购住宅套数,期房认购住宅面积,期房签约套数,期房签约面积,期房签约住宅套数,期房签约住宅面积,现房认购套数,现房认购面积,现房认购住宅套数,现房认购住宅面积,现房签约套数,现房签约面积,现房签约住宅套数,现房签约住宅面积
2026-04-29,78851,6702983.97,34039,4798229.26,206,142400.66,502,493647.25,35348,964256.58,211518,11507784.92,30784,-1,-1,-1,40159,280672862.26,-1,-1,-1,-1,11,377021.3,3072,-1,-1,-1,136,-1,-1,-1,-1,-1,-1,-1,-1,-1,-1,-1,-1,-1
2026-04-30,78357,6660386.79,33607,4757016.54,206,142400.66,502,493647.25,35301,963128.45,212473,11551614.6,31215,-1,-1,-1,40179,280727097.1,-1,-1,-1,-1,11,377021.3,3072,-1,-1,-1,141,-1,-1,-1,-1,-1,-1,-1,-1,-1,-1,-1,-1,-1
2026-05-01,78316,6655686.35,33575,4752487.44,206,142400.66,502,493647.25,35293,962982.21,212449,11550291.72,31208,-1,-1,-1,40179,280727097.1,-1,-1,-1,-1,11,377021.3,3072,-1,-1,-1,55,-1,-1,-1,-1,-1,-1,-1,-1,-1,-1,-1,-1,-1
2026-05-02,78290,6652668.48,33555,4749652.93,206,142400.66,502,493647.25,35288,962899.97,212442,11549479.37,31203,-1,-1,-1,40179,280727097.1,-1,-1,-1,-1,11,377021.3,3072,-1,-1,-1,25,-1,-1,-1,-1,-1,-1,-1,-1,-1,-1,-1,-1,-1
2026-05-03,78259,6649629.33,33539,4747180.79,206,142400.66,502,493647.25,35283,962813.95,212428,11548293.59,31193,-1,-1,-1,40179,280727097.1,-1,-1,-1,-1,11,377021.3,3072,-1,-1,-1,25,-1,-1,-1,-1,-1,-1,-1,-1,-1,-1,-1,-1,-1
2026-05-04,78233,6646939.27,33519,4744568.11,206,142400.66,502,493647.25,35277,962736.57,212372,11545465.16,31173,-1,-1,-1,40179,280727097.1,-1,-1,-1,-1,12,208439.88,1240,-1,-1,-1,80,-1,-1,-1,-1,-1,-1,-1,-1,-1,-1,-1,-1,-1
2026-05-05,76819,6479086.56,32105,4576715.4,206,142400.66,502,493647.25,35277,962736.57,212343,11543930.88,31167,-1,-1,-1,40179,280727097.1,-1,-1,-1,-1,12,208439.88,1240,-1,-1,-1,36,-1,-1,-1,-1,-1,-1,-1,-1,-1,-1,-1,-1,-1
2026-05-06,75854,6399852.14,31965,4528133.34,206,142400.66,502,493647.25,34891,953535.16,212272,11539035.13,31135,-1,-1,-1,40179,280727097.1,-1,-1,-1,-1,12,208439.88,1240,-1,-1,-1,114,-1,-1,-1,-1,-1,-1,-1,-1,-1,-1,-1,-1,-1
2026-05-07,75206,6294827.43,31323,4423387.16,206,142400.66,502,493647.25,34886,953424.53,211831,11516987.64,31122,-1,-1,-1,40184,280731539.33,-1,-1,-1,-1,12,208439.88,1240,-1,-1,-1,31,-1,-1,-1,-1,-1,-1,-1,-1,-1,-1,-1,-1,-1
2026-05-08,75170,6290616.11,31293,4419338.2,206,142400.66,502,493647.25,34880,953262.17,211190,11495995.58,31094,-1,-1,-1,40184,280731539.33,-1,-1,-1,-1,12,208439.88,1240,-1,-1,-1,65,-1,-1,-1,-1,-1,-1,-1,-1,-1,-1,-1,-1,-1
2026-05-09,75131,6285846.21,31256,4414594.58,206,142400.66,502,493647.25,34878,953235.89,211265,11500019.32,31121,-1,-1,-1,40192,280740310.03,-1,-1,-1,-1,12,208439.88,1240,-1,-1,-1,58,-1,-1,-1,-1,-1,-1,-1,-1,-1,-1,-1,-1,-1
2026-05-10,76415,6368920.09,32075,4492047.77,206,142400.66,502,493647.25,35349,959204.78,211225,11497321.16,31107,-1,-1,-1,40192,280740310.03,-1,-1,-1,-1,12,208439.88,1240,-1,-1,-1,43,-1,-1,-1,-1,-1,-1,-1,-1,-1,-1,-1,-1,-1
2026-05-11,76406,6356722.56,31642,4463970.02,206,142400.66,502,493647.25,35457,957598.99,209825,11429017.34,30723,-1,-1,-1,40194,280743194.16,-1,-1,-1,-1,12,208439.88,1240,-1,-1,-1,124,-1,-1,-1,-1,-1,-1,-1,-1,-1,-1,-1,-1,-1
2026-05-12,76807,6438979.23,32046,4546279.64,206,142400.66,502,493647.25,35455,957583.68,209743,11424123.86,30704,-1,-1,-1,40197,280743459.92,-1,-1,-1,-1,12,208439.88,1240,-1,-1,-1,208,-1,-1,-1,-1,-1,-1,-1,-1,-1,-1,-1,-1,-1
2026-05-13,76542,6422478.12,31965,4536412.45,206,142400.66,502,493647.25,35324,952779.94,209551,11409614.71,30219,-1,-1,-1,40201,280760640.67,-1,-1,-1,-1,12,208439.88,1240,-1,-1,-1,50,-1,-1,-1,-1,-1,-1,-1,-1,-1,-1,-1,-1,-1
2026-05-14,76513,6419112.93,31940,4533129.8,206,142400.66,502,493647.25,35320,952697.4,209500,11358205.39,29201,-1,-1,-1,40213,280811551.42,-1,-1,-1,-1,12,208439.88,1240,-1,-1,-1,55,-1,-1,-1,-1,-1,-1,-1,-1,-1,-1,-1,-1,-1
2026-05-15,76355,6387267.39,31794,4501678.41,206,142400.66,502,493647.25,35316,952535.3,209541,11357146.66,29171,-1,-1,-1,40218,280815580.89,-1,-1,-1,-1,12,208439.88,1240,-1,-1,-1,62,-1,-1,-1,-1,-1,-1,-1,-1,-1,-1,-1,-1,-1
2026-05-16,76314,6381663.12,31759,4496198.91,206,142400.66,502,493647.25,35313,952486.64,209462,11351623.67,29125,-1,-1,-1,40218,280815580.89,-1,-1,-1,-1,12,208439.88,1240,-1,-1,-1,73,-1,-1,-1,-1,-1,-1,-1,-1,-1,-1,-1,-1,-1
2026-05-17,76233,6373404.22,31691,4488167.53,206,142400.66,502,493647.25,35303,952312.72,208153,11321966.71,29104,-1,-1,-1,40218,280815580.89,-1,-1,-1,-1,12,208439.88,1240,-1,-1,-1,74,-1,-1,-1,-1,-1,-1,-1,-1,-1,-1,-1,-1,-1
2026-05-18,76127,6362158.97,31596,4477208.71,206,142400.66,502,493647.25,35297,952225.7,207918,11310194.04,29065,-1,-1,-1,40219,280818117.86,-1,-1,-1,-1,12,208439.88,1240,-1,-1,-1,117,-1,-1,-1,-1,-1,-1,-1,-1,-1,-1,-1,-1,-1
2026-05-19,76055,6355705.81,31555,4471772.58,206,142400.66,502,493647.25,35273,951549.31,208327,11324521.89,29106,-1,-1,-1,40247,280841065.76,-1,-1,-1,-1,12,208439.88,1240,-1,-1,-1,128,-1,-1,-1,-1,-1,-1,-1,-1,-1,-1,-1,-1,-1
2026-05-20,75985,6348650.86,31505,4465492.05,206,142400.66,502,493647.25,35264,951317.44,208407,11376342.94,29197,-1,-1,-1,40271,280899709.71,-1,-1,-1,-1,12,208439.88,1240,-1,-1,-1,111,-1,-1,-1,-1,-1,-1,-1,-1,-1,-1,-1,-1,-1
2026-05-21,75844,6333980.25,31397,4451546.58,206,142400.66,502,493647.25,35237,950892.0,207952,11377353.15,29121,-1,-1,-1,40276,280922599.26,-1,-1,-1,-1,12,208439.88,1240,-1,-1,-1,170,-1,-1,-1,-1,-1,-1,-1,-1,-1,-1,-1,-1,-1
2026-05-22,75916,6365241.83,31591,4484866.7,206,142400.66,502,493647.25,35123,949296.67,207854,11367024.78,29055,-1,-1,-1,40280,280923889.34,-1,-1,-1,-1,12,208439.88,1240,-1,-1,-1,106,-1,-1,-1,-1,-1,-1,-1,-1,-1,-1,-1,-1,-1
2026-05-23,76480,6423062.81,32186,4543266.05,206,142400.66,502,493647.25,35096,948786.7,207788,11362045.92,29022,-1,-1,-1,40280,280923889.34,-1,-1,-1,-1,12,208439.88,1240,-1,-1,-1,283,-1,-1,-1,-1,-1,-1,-1,-1,-1,-1,-1,-1,-1
2026-05-24,75990,6394833.17,31957,4518681.92,206,142400.66,502,493647.25,34840,945466.07,207719,11356636.92,28969,-1,-1,-1,40280,280923889.34,-1,-1,-1,-1,12,208439.88,1240,-1,-1,-1,192,-1,-1,-1,-1,-1,-1,-1,-1,-1,-1,-1,-1,-1
2026-05-25,75796,6373527.58,31780,4497636.85,206,142400.66,502,493647.25,34828,945267.95,207642,11351057.26,28923,-1,-1,-1,40281,280924097.48,-1,-1,-1,-1,12,208439.88,1240,-1,-1,-1,211,-1,-1,-1,-1,-1,-1,-1,-1,-1,-1,-1,-1,-1
2026-05-26,75625,6355247.77,31615,4479490.26,206,142400.66,502,493647.25,34826,945272.42,207449,11314393.22,28815,-1,-1,-1,40281,280924097.48,-1,-1,-1,-1,12,208439.88,1240,-1,-1,-1,161,-1,-1,-1,-1,-1,-1,-1,-1,-1,-1,-1,-1,-1
2026-05-27,77507,6481799.66,32603,4589268.1,206,142400.66,502,493647.25,35322,952544.96,208994,11375915.45,28894,-1,-1,-1,40292,280992360.05,-1,-1,-1,-1,12,208439.88,1240,-1,-1,-1,132,-1,-1,-1,-1,-1,-1,-1,-1,-1,-1,-1,-1,-1
2026-05-28,78350,6496519.16,32516,4577838.09,206,142400.66,499,490469.56,35974,977982.78,209874,11408763.56,28884,-1,-1,-1,40310,281038271.29,-1,-1,-1,-1,12,208439.88,1240,-1,-1,-1,111,-1,-1,-1,-1,-1,-1,-1,-1,-1,-1,-1,-1,-1
2026-05-29,78127,6471418.89,32372,4559966.76,206,142400.66,494,485296.98,35917,976888.84,210599,11452594.42,29053,-1,-1,-1,40337,281090594.28,-1,-1,-1,-1,12,208439.88,1240,-1,-1,-1,155,-1,-1,-1,-1,-1,-1,-1,-1,-1,-1,-1,-1,-1
2026-05-30,77062,6432284.61,32347,4555467.18,206,142400.66,494,485296.98,34942,943627.01,210380,11434510.23,28964,-1,-1,-1,40337,281090594.28,-1,-1,-1,-1,12,208439.88,1240,-1,-1,-1,138,-1,-1,-1,-1,-1,-1,-1,-1,-1,-1,-1,-1,-1
2026-05-31,76851,6412195.86,32204,4537709.82,206,142400.66,494,485296.98,34902,942877.81,210187,11425172.66,28919,-1,-1,-1,40337,281090594.28,-1,-1,-1,-1,12,208439.88,1240,-1,-1,-1,119,-1,-1,-1,-1,-1,-1,-1,-1,-1,-1,-1,-1,-1
2026-06-01,76789,6405562.58,32158,4531522.0,206,142400.66,494,485296.98,34899,942838.18,210090,11428068.47,28874,-1,-1,-1,40345,281101940.87,-1,-1,-1,-1,12,208439.88,1240,-1,-1,-1,75,-1,-1,-1,-1,-1,-1,-1,-1,-1,-1,-1,-1,-1
2026-06-02,76587,6393811.15,32088,4522210.88,206,142400.66,494,485296.98,34777,940677.55,210033,11418480.55,28809,-1,-1,-1,40349,281104205.09,-1,-1,-1,-1,12,208439.88,1240,-1,-1,-1,66,-1,-1,-1,-1,-1,-1,-1,-1,-1,-1,-1,-1,-1
2026-06-03,76629,6407206.47,32139,4531516.79,212,146306.02,494,485296.98,34763,940884.56,209912,11408544.18,28764,-1,-1,-1,40351,281105476.43,-1,-1,-1,-1,12,208439.88,1240,-1,-1,-1,67,-1,-1,-1,-1,-1,-1,-1,-1,-1,-1,-1,-1,-1
2026-06-04,76495,6397893.13,32089,4524820.04,212,146306.02,494,485296.98,34682,938305.45,209792,11399289.65,28701,-1,-1,-1,40354,281108924.08,-1,-1,-1,-1,8,346371.41,2930,-1,-1,-1,63,-1,-1,-1,-1,-1,-1,-1,-1,-1,-1,-1,-1,-1
2026-06-05,76333,6507534.71,32011,4515206.92,212,146306.02,494,485296.98,34621,936467.51,209547,11377499.71,28623,-1,-1,-1,40355,281109136.62,-1,-1,-1,-1,8,346371.41,2930,-1,-1,-1,116,-1,-1,-1,-1,-1,-1,-1,-1,-1,-1,-1,-1,-1
2026-06-06,76640,6502850.96,31930,4505631.95,212,146306.02,494,485296.98,35029,942259.08,209490,11373634.21,28599,-1,-1,-1,40355,281109136.62,-1,-1,-1,-1,8,346371.41,2930,-1,-1,-1,90,-1,-1,-1,-1,-1,-1,-1,-1,-1,-1,-1,-1,-1
2026-06-07,76514,6491957.31,31846,4496074.76,212,146306.02,494,485296.98,34993,941074.88,209384,11364418.98,28523,-1,-1,-1,40355,281109136.62,-1,-1,-1,-1,8,346371.41,2930,-1,-1,-1,74,-1,-1,-1,-1,-1,-1,-1,-1,-1,-1,-1,-1,-1
2026-06-08,76205,6462704.11,31741,4473402.09,212,146306.02,494,485296.98,34799,934882.51,209873,11438434.72,28852,-1,-1,-1,40370,281196294.65,-1,-1,-1,-1,8,346371.41,2930,-1,-1,-1,69,-1,-1,-1,-1,-1,-1,-1,-1,-1,-1,-1,-1,-1
2026-06-09,75750,6432204.64,31589,4453635.79,212,146306.02,494,485296.98,34590,926304.8,209961,11456942.82,28984,-1,-1,-1,40380,281222744.69,-1,-1,-1,-1,8,346371.41,2930,-1,-1,-1,66,-1,-1,-1,-1,-1,-1,-1,-1,-1,-1,-1,-1,-1
2026-06-10,75676,6424244.02,31531,4446046.7,212,146306.02,494,485296.98,34575,925966.52,211126,11503934.53,28943,-1,-1,-1,40399,281277853.34,-1,-1,-1,-1,8,346371.41,2930,-1,-1,-1,104,-1,-1,-1,-1,-1,-1,-1,-1,-1,-1,-1,-1,-1
2026-06-11,74895,6290432.76,31253,4415610.03,212,146306.02,494,485296.98,34110,910904.63,211100,11513859.48,28958,-1,-1,-1,40403,281299109.23,-1,-1,-1,-1,8,346371.41,2930,-1,-1,-1,111,-1,-1,-1,-1,-1,-1,-1,-1,-1,-1,-1,-1,-1
2026-06-12,74250,6250448.38,31066,4382468.45,212,146306.02,494,485296.98,33662,904454.98,210548,11487964.52,28933,-1,-1,-1,40408,281300467.47,-1,-1,-1,-1,8,346371.41,2930,-1,-1,-1,102,-1,-1,-1,-1,-1,-1,-1,-1,-1,-1,-1,-1,-1
2026-06-13,74111,6236462.27,30955,4369172.3,212,146306.02,494,485296.98,33638,903914.35,210428,11481854.45,28916,-1,-1,-1,40408,281300467.47,-1,-1,-1,-1,8,346371.41,2930,-1,-1,-1,87,-1,-1,-1,-1,-1,-1,-1,-1,-1,-1,-1,-1,-1
2026-06-14,74040,6229308.44,30895,4362281.84,212,146306.02,494,485296.98,33629,903710.05,210319,11465882.0,28871,-1,-1,-1,40408,281300467.47,-1,-1,-1,-1,8,346371.41,2930,-1,-1,-1,94,-1,-1,-1,-1,-1,-1,-1,-1,-1,-1,-1,-1,-1
2026-06-15,74408,6298159.55,31293,4432025.71,212,146306.02,494,485296.98,33607,903177.34,210202,11457503.42,28802,-1,-1,-1,40412,281300946.0,-1,-1,-1,-1,8,346371.41,2930,-1,-1,-1,76,-1,-1,-1,-1,-1,-1,-1,-1,-1,-1,-1,-1,-1
2026-06-16,74322,6288537.45,31227,4424060.37,212,146306.02,493,484395.74,33589,902705.13,209982,11447672.21,28760,-1,-1,-1,40414,281301167.89,-1,-1,-1,-1,8,346371.41,2930,-1,-1,-1,55,-1,-1,-1,-1,-1,-1,-1,-1,-1,-1,-1,-1,-1
2026-06-17,73507,6267906.89,31303,4429270.36,212,146306.02,493,484395.74,33005,883389.9,209926,11487228.99,29005,-1,-1,-1,40420,281362425.89,-1,-1,-1,-1,8,346371.41,2930,-1,-1,-1,77,-1,-1,-1,-1,-1,-1,-1,-1,-1,-1,-1,-1,-1
2026-06-18,74452,6287212.42,31644,4463225.75,212,146306.02,493,484395.74,33562,902563.73,211632,11598343.61,29905,-1,-1,-1,40457,281487578.23,-1,-1,-1,-1,8,346371.41,2930,-1,-1,-1,76,-1,-1,-1,-1,-1,-1,-1,-1,-1,-1,-1,-1,-1
2026-06-19,74360,6278105.06,31577,4455206.72,212,146306.02,493,484395.74,33541,901966.9,211525,11592870.84,29882,-1,-1,-1,40457,281487578.23,-1,-1,-1,-1,8,346371.41,2930,-1,-1,-1,72,-1,-1,-1,-1,-1,-1,-1,-1,-1,-1,-1,-1,-1
2026-06-20,74283,6269636.05,31515,4447141.58,212,146306.02,493,484395.74,33529,901660.19,207558,11466847.63,29803,-1,-1,-1,40457,281487578.23,-1,-1,-1,-1,8,346371.41,2930,-1,-1,-1,64,-1,-1,-1,-1,-1,-1,-1,-1,-1,-1,-1,-1,-1
2026-06-21,74200,6261488.33,31452,4439522.99,212,146306.02,493,484395.74,33512,901209.31,207512,11463732.26,29779,-1,-1,-1,40457,281487578.23,-1,-1,-1,-1,8,346371.41,2930,-1,-1,-1,80,-1,-1,-1,-1,-1,-1,-1,-1,-1,-1,-1,-1,-1
2026-06-22,74048,6238755.09,31336,4418669.72,211,145629.81,493,484395.74,33487,900486.07,207372,11451209.88,29690,-1,-1,-1,40457,281487578.23,-1,-1,-1,-1,8,346371.41,2930,-1,-1,-1,68,-1,-1,-1,-1,-1,-1,-1,-1,-1,-1,-1,-1,-1
2026-06-23,73890,6195244.7,31253,4405683.64,211,145629.81,457,456976.22,33469,900002.25,207262,11463664.78,29600,-1,-1,-1,40463,281489574.95,-1,-1,-1,-1,8,346371.41,2930,-1,-1,-1,89,-1,-1,-1,-1,-1,-1,-1,-1,-1,-1,-1,-1,-1
2026-06-24,75157,6212037.91,31152,4392477.35,211,145629.81,456,455454.68,34415,923313.66,209051,11544122.14,29816,-1,-1,-1,40479,281611238.97,-1,-1,-1,-1,8,346371.41,2930,-1,-1,-1,108,-1,-1,-1,-1,-1,-1,-1,-1,-1,-1,-1,-1,-1
2026-06-25,74909,6182273.74,30879,4362137.26,211,145629.81,456,455454.68,34446,924439.72,209816,11619458.45,29802,-1,-1,-1,40497,281695314.89,-1,-1,-1,-1,8,346371.41,2930,-1,-1,-1,105,-1,-1,-1,-1,-1,-1,-1,-1,-1,-1,-1,-1,-1
2026-06-26,74028,6168260.77,31224,4389799.75,211,145629.81,456,455454.68,33302,886494.34,209721,11639157.55,29761,-1,-1,-1,40498,281721543.36,-1,-1,-1,-1,8,346371.41,2930,-1,-1,-1,118,-1,-1,-1,-1,-1,-1,-1,-1,-1,-1,-1,-1,-1
2026-06-27,73594,6137796.15,31049,4366317.47,211,145629.81,456,455454.68,33174,883704.04,209445,11625905.42,29712,-1,-1,-1,40498,281721543.36,-1,-1,-1,-1,8,346371.41,2930,-1,-1,-1,100,-1,-1,-1,-1,-1,-1,-1,-1,-1,-1,-1,-1,-1
2026-06-28,73260,6116810.17,30916,4350455.44,211,145629.81,456,455454.68,33001,879345.84,208169,11518188.9,28656,-1,-1,-1,40498,281721543.36,-1,-1,-1,-1,8,346371.41,2930,-1,-1,-1,133,-1,-1,-1,-1,-1,-1,-1,-1,-1,-1,-1,-1,-1
2026-06-29,73295,6106221.46,30778,4332206.1,211,145629.81,456,455454.68,33193,887974.61,205053,11366197.71,28221,-1,-1,-1,40502,281733429.85,-1,-1,-1,-1,8,346371.41,2930,-1,-1,-1,213,-1,-1,-1,-1,-1,-1,-1,-1,-1,-1,-1,-1,-1
2026-06-30,72783,5992362.08,30242,4227079.26,211,145629.81,456,455454.68,33183,879982.5,204072,11288890.3,28078,-1,-1,-1,40515,281746828.4,-1,-1,-1,-1,8,346371.41,2930,-1,-1,-1,206,-1,-1,-1,-1,-1,-1,-1,-1,-1,-1,-1,-1,-1
2026-07-01,69707,5729032.17,29183,4014086.42,198,138032.79,457,479686.96,31266,813019.15,204038,11277726.6,27914,-1,-1,-1,40518,281753446.3,-1,-1,-1,-1,8,346371.41,2930,-1,-1,-1,60,-1,-1,-1,-1,-1,-1,-1,-1,-1,-1,-1,-1,-1
2026-07-02,69742,5737617.8,29327,4026187.03,198,138032.79,457,479686.96,31183,810068.78,204304,11290242.42,27909,-1,-1,-1,40519,281784038.5,-1,-1,-1,-1,8,346371.41,2930,-1,-1,-1,69,-1,-1,-1,-1,-1,-1,-1,-1,-1,-1,-1,-1,-1
2026-07-03,69756,5749045.82,29490,4042786.58,198,138032.79,457,479686.96,31063,805742.04,204121,11280561.12,27791,-1,-1,-1,40530,281796014.48,-1,-1,-1,-1,8,346371.41,2930,-1,-1,-1,78,-1,-1,-1,-1,-1,-1,-1,-1,-1,-1,-1,-1,-1
2026-07-04,69441,5630154.85,29410,4033841.4,198,138032.79,416,375869.47,30913,800552.18,204005,11274475.29,27764,-1,-1,-1,40530,281796014.48,-1,-1,-1,-1,8,330990.63,1321,-1,-1,-1,68,-1,-1,-1,-1,-1,-1,-1,-1,-1,-1,-1,-1,-1
2026-07-05,69275,5621460.38,29362,4028911.62,198,138032.79,416,375869.47,30822,797343.3,203668,11263492.4,27745,-1,-1,-1,40530,281796014.48,-1,-1,-1,-1,8,330990.63,1321,-1,-1,-1,55,-1,-1,-1,-1,-1,-1,-1,-1,-1,-1,-1,-1,-1
2026-07-06,69227,5618195.06,29338,4026231.07,198,138032.79,416,375869.47,30804,796843.56,203396,11243610.1,27570,-1,-1,-1,40530,281796014.48,-1,-1,-1,-1,8,330990.63,1321,-1,-1,-1,48,-1,-1,-1,-1,-1,-1,-1,-1,-1,-1,-1,-1,-1
2026-07-07,68702,5565802.75,28835,3974522.76,198,138032.79,416,375869.47,30786,796201.71,203670,11251504.11,27548,-1,-1,-1,40542,281817236.04,-1,-1,-1,-1,8,330990.63,1321,-1,-1,-1,59,-1,-1,-1,-1,-1,-1,-1,-1,-1,-1,-1,-1,-1
2026-07-08,68499,5546585.25,28652,3955931.51,198,138032.79,416,375869.47,30776,795899.32,203491,11242988.56,27512,-1,-1,-1,40542,281817236.04,-1,-1,-1,-1,8,330990.63,1321,-1,-1,-1,57,-1,-1,-1,-1,-1,-1,-1,-1,-1,-1,-1,-1,-1
2026-07-09,68403,5539001.55,28597,3949424.99,198,138032.79,416,375869.47,30741,794974.78,203362,11234053.33,27480,-1,-1,-1,40547,281820988.56,-1,-1,-1,-1,8,330990.63,1321,-1,-1,-1,46,-1,-1,-1,-1,-1,-1,-1,-1,-1,-1,-1,-1,-1
2026-07-10,69200,5570985.91,28731,3965738.82,198,138032.79,416,375869.47,31138,800412.06,203272,11230497.88,27469,-1,-1,-1,40552,281824090.65,-1,-1,-1,-1,8,330990.63,1321,-1,-1,-1,104,-1,-1,-1,-1,-1,-1,-1,-1,-1,-1,-1,-1,-1
2026-07-11,69078,5561381.31,28653,3957181.17,198,138032.79,416,375869.47,31103,799542.22,203186,11226145.12,27445,-1,-1,-1,40552,281824090.65,-1,-1,-1,-1,8,330990.63,1321,-1,-1,-1,119,-1,-1,-1,-1,-1,-1,-1,-1,-1,-1,-1,-1,-1
2026-07-12,68593,5509817.35,28222,3906998.51,198,138032.79,416,375869.47,31078,798870.93,203159,11224653.91,27434,-1,-1,-1,40552,281824090.65,-1,-1,-1,-1,8,330990.63,1321,-1,-1,-1,111,-1,-1,-1,-1,-1,-1,-1,-1,-1,-1,-1,-1,-1
2026-07-13,67818,5428627.64,27489,3826717.4,198,138032.79,416,375869.47,31058,798307.12,203090,11224456.78,27415,-1,-1,-1,40558,281829068.71,-1,-1,-1,-1,8,330990.63,1321,-1,-1,-1,122,-1,-1,-1,-1,-1,-1,-1,-1,-1,-1,-1,-1,-1
2026-07-14,67343,5521335.05,27377,3917370.06,198,138032.79,416,375869.47,30938,804762.73,203670,11253138.5,27491,-1,-1,-1,40564,281863142.12,-1,-1,-1,-1,8,330990.63,1321,-1,-1,-1,72,-1,-1,-1,-1,-1,-1,-1,-1,-1,-1,-1,-1,-1
2026-07-15,67565,5586585.67,27595,3942762.17,223,178332.97,416,375869.47,30929,804520.44,203583,11247817.83,27458,-1,-1,-1,40564,281863142.12,-1,-1,-1,-1,8,330990.63,1321,-1,-1,-1,57,-1,-1,-1,-1,-1,-1,-1,-1,-1,-1,-1,-1,-1
2026-07-16,67462,5540146.61,27547,3937161.08,198,138032.79,416,375869.47,30908,804156.31,203496,11241181.95,27409,-1,-1,-1,40567,281867688.34,-1,-1,-1,-1,8,330990.63,1321,-1,-1,-1,54,-1,-1,-1,-1,-1,-1,-1,-1,-1,-1,-1,-1,-1
2026-07-17,68995,5710986.06,28639,4095131.1,198,138032.79,416,375869.47,31343,817131.45,204553,11287813.65,27673,-1,-1,-1,40583,281926539.99,-1,-1,-1,-1,8,330990.63,1321,-1,-1,-1,82,-1,-1,-1,-1,-1,-1,-1,-1,-1,-1,-1,-1,-1
2026-07-18,68875,5701969.59,28569,4087362.18,198,138032.79,416,375869.47,31322,816694.48,204418,11281781.94,27652,-1,-1,-1,40583,281926539.99,-1,-1,-1,-1,8,330990.63,1321,-1,-1,-1,55,-1,-1,-1,-1,-1,-1,-1,-1,-1,-1,-1,-1,-1
2026-07-19,68792,5696555.26,28523,4082651.8,198,138032.79,416,375869.47,31306,816303.69,204060,11245175.76,27526,-1,-1,-1,40583,281926539.99,-1,-1,-1,-1,8,330990.63,1321,-1,-1,-1,50,-1,-1,-1,-1,-1,-1,-1,-1,-1,-1,-1,-1,-1
2026-07-20,68150,5652931.39,28302,4053560.58,198,138032.79,416,375869.47,30967,803121.46,204550,11274772.86,27611,-1,-1,-1,40596,281969320.2,-1,-1,-1,-1,8,330990.63,1321,-1,-1,-1,57,-1,-1,-1,-1,-1,-1,-1,-1,-1,-1,-1,-1,-1
2026-07-21,67981,5642734.16,28228,4044968.89,198,138032.79,416,375869.47,30884,801790.73,204501,11266267.28,27613,-1,-1,-1,40599,281973755.82,-1,-1,-1,-1,8,330990.63,1321,-1,-1,-1,55,-1,-1,-1,-1,-1,-1,-1,-1,-1,-1,-1,-1,-1
2026-07-22,68771,5719862.19,28732,4113624.02,198,138032.79,416,375869.47,31181,810407.44,204861,11273386.37,27582,-1,-1,-1,40612,281987032.66,-1,-1,-1,-1,8,330990.63,1321,-1,-1,-1,54,-1,-1,-1,-1,-1,-1,-1,-1,-1,-1,-1,-1,-1
2026-07-23,68698,5713091.2,28680,4107315.45,198,138032.79,416,375869.47,31171,810145.68,204755,11256800.34,27541,-1,-1,-1,40612,281987032.66,-1,-1,-1,-1,8,330990.63,1321,-1,-1,-1,84,-1,-1,-1,-1,-1,-1,-1,-1,-1,-1,-1,-1,-1
2026-07-24,69632,5765588.3,29075,4147601.65,198,138032.79,416,375869.47,31726,822632.19,207535,11376180.36,27963,-1,-1,-1,40628,282112149.86,-1,-1,-1,-1,8,330990.63,1321,-1,-1,-1,73,-1,-1,-1,-1,-1,-1,-1,-1,-1,-1,-1,-1,-1
2026-07-27,69541,5832393.38,29792,4233811.88,198,138032.79,416,375869.47,31161,808495.08,206852,11331184.46,27819,-1,-1,-1,40630,282112416.25,-1,-1,-1,-1,8,330990.63,1321,-1,-1,-1,77,-1,-1,-1,-1,-1,-1,-1,-1,-1,-1,-1,-1,-1
2026-07-28,69092,5820497.92,29743,4227659.93,198,138032.79,416,375869.47,30763,802781.27,207526,11348467.22,27775,-1,-1,-1,40643,282138538.2,-1,-1,-1,-1,8,330990.63,1321,-1,-1,-1,61,-1,-1,-1,-1,-1,-1,-1,-1,-1,-1,-1,-1,-1
2026-07-29,68623,5764891.31,29390,4177844.15,198,138032.79,415,372679.56,30723,802101.67,207448,11343954.27,27744,-1,-1,-1,40645,282139141.9,-1,-1,-1,-1,8,330990.63,1321,-1,-1,-1,89,-1,-1,-1,-1,-1,-1,-1,-1,-1,-1,-1,-1,-1
2026-07-30,68493,5755280.72,29313,4169303.6,198,138032.79,415,372679.56,30681,801291.93,208148,11363104.08,27706,-1,-1,-1,40647,282168199.53,-1,-1,-1,-1,8,330990.63,1321,-1,-1,-1,93,-1,-1,-1,-1,-1,-1,-1,-1,-1,-1,-1,-1,-1
2026-07-31,68860,5774152.56,29378,4177561.36,198,138032.79,415,372679.56,30907,810021.92,207637,11341206.32,27726,-1,-1,-1,40660,282185459.79,-1,-1,-1,-1,8,330990.63,1321,-1,-1,-1,97,-1,-1,-1,-1,-1,-1,-1,-1,-1,-1,-1,-1,-1
2026-08-01,68190,5776588.07,29608,4204931.55,198,138032.79,415,372679.56,30356,794120.9,206885,11274500.99,27018,-1,-1,-1,40660,282185459.79,-1,-1,-1,-1,8,330990.63,1321,-1,-1,-1,41,-1,-1,-1,-1,-1,-1,-1,-1,-1,-1,-1,-1,-1
2026-08-02,68143,5773036.56,29584,4202136.63,198,138032.79,415,372679.56,30341,793769.81,206698,11264418.16,27006,-1,-1,-1,40660,282185459.79,-1,-1,-1,-1,8,330990.63,1321,-1,-1,-1,40,-1,-1,-1,-1,-1,-1,-1,-1,-1,-1,-1,-1,-1
2026-08-03,68497,5779367.32,29542,4196560.99,198,138032.79,415,372679.56,30740,805733.57,206170,11243773.6,26955,-1,-1,-1,40662,282186265.09,-1,-1,-1,-1,8,330990.63,1321,-1,-1,-1,50,-1,-1,-1,-1,-1,-1,-1,-1,-1,-1,-1,-1,-1
2026-08-04,69372,5808382.3,29552,4201345.12,198,138032.79,415,372679.56,31266,821136.81,206273,11246027.37,26940,-1,-1,-1,40668,282192073.67,-1,-1,-1,-1,8,262065.18,1741,-1,-1,-1,39,-1,-1,-1,-1,-1,-1,-1,-1,-1,-1,-1,-1,-1
2026-08-05,69310,5802491.6,29518,4196364.85,198,138032.79,415,372679.56,31250,820771.54,207061,11270798.86,26966,-1,-1,-1,40687,282222560.43,-1,-1,-1,-1,8,262065.18,1741,-1,-1,-1,52,-1,-1,-1,-1,-1,-1,-1,-1,-1,-1,-1,-1,-1
2026-08-06,69262,5797994.85,29483,4192181.42,198,138032.79,415,372679.56,31238,820422.93,207814,11304178.86,26996,-1,-1,-1,40706,282262284.97,-1,-1,-1,-1,8,262065.18,1741,-1,-1,-1,42,-1,-1,-1,-1,-1,-1,-1,-1,-1,-1,-1,-1,-1
2026-08-07,69505,5990429.39,29685,4219972.45,198,138032.79,508,538984.13,31207,819458.17,207831,11301989.75,26964,-1,-1,-1,40710,282266285.59,-1,-1,-1,-1,8,262065.18,1741,-1,-1,-1,135,-1,-1,-1,-1,-1,-1,-1,-1,-1,-1,-1,-1,-1
2026-08-08,69408,5982463.91,29624,4212882.1,198,138032.79,508,538984.13,31184,818817.19,207793,11299468.91,26947,-1,-1,-1,40710,282266285.59,-1,-1,-1,-1,8,262065.18,1741,-1,-1,-1,56,-1,-1,-1,-1,-1,-1,-1,-1,-1,-1,-1,-1,-1
2026-08-09,69348,5977179.87,29584,4207985.52,198,138032.79,508,538984.13,31169,818512.73,207665,11290706.54,26905,-1,-1,-1,40710,282266285.59,-1,-1,-1,-1,8,262065.18,1741,-1,-1,-1,40,-1,-1,-1,-1,-1,-1,-1,-1,-1,-1,-1,-1,-1
2026-08-10,69310,5973735.16,29558,4204893.67,198,138032.79,508,538984.13,31158,818171.17,207534,11282114.27,26869,-1,-1,-1,40710,282266285.59,-1,-1,-1,-1,8,262065.18,1741,-1,-1,-1,34,-1,-1,-1,-1,-1,-1,-1,-1,-1,-1,-1,-1,-1
2026-08-11,69180,5956465.76,29434,4187846.07,198,138032.79,508,538984.13,31153,818025.5,207446,11276670.39,26832,-1,-1,-1,40710,282266285.59,-1,-1,-1,-1,8,262065.18,1741,-1,-1,-1,47,-1,-1,-1,-1,-1,-1,-1,-1,-1,-1,-1,-1,-1
2026-08-12,69129,5951480.99,29402,4183702.71,198,138032.79,508,538984.13,31138,817568.68,207504,11298121.25,26930,-1,-1,-1,40719,282292990.44,-1,-1,-1,-1,8,262065.18,1741,-1,-1,-1,34,-1,-1,-1,-1,-1,-1,-1,-1,-1,-1,-1,-1,-1
2026-08-13,69055,5946359.38,29364,4179341.82,198,138032.79,508,538984.13,31103,816815.1,205686,11262251.61,26900,-1,-1,-1,40724,282294280.67,-1,-1,-1,-1,8,262065.18,1741,-1,-1,-1,56,-1,-1,-1,-1,-1,-1,-1,-1,-1,-1,-1,-1,-1
2026-08-14,68987,5940790.77,29331,4174889.45,198,138032.79,508,538984.13,31076,815881.39,205645,11256157.36,26858,-1,-1,-1,40732,282298198.03,-1,-1,-1,-1,8,262065.18,1741,-1,-1,-1,61,-1,-1,-1,-1,-1,-1,-1,-1,-1,-1,-1,-1,-1
2026-08-15,70844,6116955.86,31217,4351779.59,198,138032.79,508,538984.13,31061,815503.16,205517,11243566.52,26846,-1,-1,-1,40732,282298198.03,-1,-1,-1,-1,8,262065.18,1741,-1,-1,-1,61,-1,-1,-1,-1,-1,-1,-1,-1,-1,-1,-1,-1,-1
2026-08-16,70765,6110460.38,31169,4346086.92,198,138032.79,508,538984.13,31041,814980.43,205419,11231588.34,26779,-1,-1,-1,40732,282298198.03,-1,-1,-1,-1,8,262065.18,1741,-1,-1,-1,48,-1,-1,-1,-1,-1,-1,-1,-1,-1,-1,-1,-1,-1
2026-08-17,70592,6095245.19,31090,4333949.73,198,138032.79,508,538984.13,30963,812588.89,204645,11199057.06,26623,-1,-1,-1,40743,282310987.61,-1,-1,-1,-1,8,262065.18,1741,-1,-1,-1,70,-1,-1,-1,-1,-1,-1,-1,-1,-1,-1,-1,-1,-1
2026-08-18,70399,6069961.12,30923,4309383.35,198,138032.79,508,538984.13,30944,812143.32,204284,11124860.94,26595,-1,-1,-1,40746,282311324.95,-1,-1,-1,-1,8,262065.18,1741,-1,-1,-1,43,-1,-1,-1,-1,-1,-1,-1,-1,-1,-1,-1,-1,-1
2026-08-19,70105,6050474.68,30844,4298113.84,198,138032.79,508,538984.13,30733,804026.91,204649,11124728.99,26569,-1,-1,-1,40755,282323769.07,-1,-1,-1,-1,8,262065.18,1741,-1,-1,-1,54,-1,-1,-1,-1,-1,-1,-1,-1,-1,-1,-1,-1,-1
2026-08-20,70025,6044064.62,30809,4292970.91,198,138032.79,508,538984.13,30705,803481.31,204540,11116889.72,26548,-1,-1,-1,40760,282324614.29,-1,-1,-1,-1,8,262065.18,1741,-1,-1,-1,52,-1,-1,-1,-1,-1,-1,-1,-1,-1,-1,-1,-1,-1
2026-08-21,69190,5990366.13,30481,4249229.92,198,138032.79,508,538984.13,30375,799165.24,204157,11098846.47,26505,-1,-1,-1,40760,282324614.29,-1,-1,-1,-1,8,262065.18,1741,-1,-1,-1,70,-1,-1,-1,-1,-1,-1,-1,-1,-1,-1,-1,-1,-1
2026-08-22,69122,5994107.22,30687,4266726.01,198,138032.79,508,538984.13,30177,786366.68,204080,11095664.62,26491,-1,-1,-1,40760,282324614.29,-1,-1,-1,-1,8,262065.18,1741,-1,-1,-1,69,-1,-1,-1,-1,-1,-1,-1,-1,-1,-1,-1,-1,-1
2026-08-23,69025,5986299.2,30624,4259850.0,198,138032.79,508,538984.13,30144,785481.32,203939,11085721.91,26480,3289251.47,1730,847868.41,40760,282324614.29,948719,118215099.4,97376,23349612.68,8,262065.18,1741,202603.58,66,6756.41,63,6691.59,97,7808.02,63,6876.01,40,3849.37,33,3661.98,82,5172.51,14,2758.85
2026-08-24,68932,5979879.42,30578,4254589.61,198,138032.79,508,538984.13,30098,784358.15,204856,11132487.54,26910,3319633.71,1732,847909.84,40765,282378486.32,949197,118250707.76,97378,23349654.11,8,262065.18,1741,202603.58,123,14585.76,118,13820.18,103,7434.85,53,6155.31,93,10422.54,85,10272.72,274,12416.36,64,7149.18
2026-08-25,68935,5970457.41,30490,4244204.03,198,138032.79,508,538984.13,30086,784059.77,204711,11122941.64,26858,3313171.13,1732,847909.84,40767,282378615.19,949198,118250808.84,97378,23349654.11,8,262065.18,1741,202603.58,196,21345.24,192,21160.96,113,11832.45,92,11245.98,51,5776.16,51,5776.16,220,12294.85,59,7353.52
2026-08-26,69404,5979648.29,30402,4236345.86,198,138032.79,508,538984.13,30532,799602.42,204813,11125153.1,26803,3307111.4,1730,847782.71,40770,282390483.58,949200,118251038.91,97378,23349654.11,8,262065.18,1741,202603.58,188,20914.92,188,20914.92,139,13182.67,114,12642.5,101,9558.51,79,8911.12,237,12486.32,69,7720.51
2026-08-27,68592,5957004.54,30388,4237919.34,198,138032.79,508,538984.13,29825,777169.8,204800,11138575.29,26866,3320363.56,1738,851248.14,40775,282412333.81,949298,118268688.79,97387,23353695.25,8,262065.18,1741,202603.58,145,15668.89,133,15429.36,145,12850.55,92,11207.33,51,6244.78,48,6049.69,232,14669.72,58,7113.87
2026-08-28,68991,5976782.23,30213,4244703.58,198,138032.79,508,538984.13,30156,782732.68,205471,11154591.96,26820,3315090.93,1739,851270.77,40780,282436742.17,949299,118268813.67,97388,23353717.88,8,262065.18,1741,202603.58,138,16422.04,137,16392.9,164,17357.32,136,16456.35,115,11878.52,88,11047.04,244,13413.3,56,6760.04
2026-08-29,69432,6018569.2,30684,4287732.07,198,138032.79,508,538984.13,30135,782163.72,205338,11148835.94,26801,3312988.05,1739,851270.77,40780,282436742.17,949299,118268813.67,97388,23353717.88,8,262065.18,1741,202603.58,131,14579.73,124,14165.02,203,21153.37,173,19911.85,40,4409.68,38,4367.43,134,5643.22,20,2337.77
2026-08-30,69292,6003285.95,30562,4272901.67,198,138032.79,508,538984.13,30122,781807.85,204112,11109545.18,26779,3310425.55,1739,851270.77,40780,282436742.17,949299,118268813.67,97388,23353717.88,8,262065.18,1741,202603.58,108,12778.11,107,12748.51,140,15283.25,122,14830.4,51,5376.8,43,4907.46,74,4037.23,21,2484.88
2026-08-31,69056,5972702.83,30362,4243752.59,198,138032.79,508,538984.13,30099,781074.61,204391,11114388.67,26734,3304440.54,1739,851270.77,40783,282452388.62,949301,118269152.72,97388,23353717.88,8,262065.18,1741,202603.58,90,12013.41,89,11964.94,159,17682.79,122,16228.52,53,5682.1,50,5599.28,312,12552.09,51,5861.82
2026-09-01,68169,5918510.96,30325,4239698.44,198,138032.79,507,514751.85,29548,763434.46,204249,11113729.98,26690,3306566.89,1739,851270.77,40794,282460742.83,949318,118277506.93,97388,23353717.88,8,262065.18,1741,202603.58,63,6131.17,52,5715.87,63,5330.69,44,4959.72,48,5574.05,40,4813.98,186,11295.84,66,6959.31
2026-09-02,67759,5867147.58,29926,4188512.55,198,138032.79,507,514751.85,29538,763280.23,205561,11149836.88,26648,3301135.15,1745,850761.69,40825,282511855.19,949330,118279037.83,97397,23354426.42,8,262065.18,1741,202603.58,199,19574.63,198,19545.2,56,4698.75,43,4457.54,46,5398.65,35,5128.95,242,17560.6,57,7623.86
2026-09-03,67125,5844848.55,29880,4183888.67,198,138032.79,507,514751.85,29073,747304.37,208375,11238791.12,26600,3296057.91,1751,854695.57,40842,282608090.27,949338,118280158.1,97402,23358095.34,8,262065.18,1741,202603.58,125,13344.36,124,13314.93,61,5359.86,50,5098.87,52,5281.35,41,4915.66,171,10835.71,60,6743.79
2026-09-04,66691,5819492.14,29766,4167537.22,198,138032.79,507,514751.85,28845,740645.43,208268,11197469.13,26603,3297044.49,1741,849425.51,40846,282617570.31,949405,118288669.08,97404,23358811.75,12,391817.93,3482,372667.33,88,9746.57,77,9550.16,118,8910.67,60,7281.71,43,4869.41,38,4730.15,111,8296.6,46,5129.12
2026-09-05,66938,5845260.19,30047,4194406.59,198,138032.79,507,514751.85,28818,739897.93,208191,11194529.13,26596,3296444.89,1741,849425.51,40846,282617570.31,949405,118288669.08,97404,23358811.75,12,391817.93,3482,372667.33,85,11663.37,85,11663.37,111,12365.74,77,11264.42,32,3028.0,31,2989.84,86,3815.06,13,1389.58
2026-09-06,66861,5838509.67,29990,4188158.48,198,138032.79,507,514751.85,28804,739479.03,207771,11183246.99,26575,3292715.58,1741,849425.51,40846,282617570.31,949405,118288669.08,97404,23358811.75,12,391817.93,3482,372667.33,50,5644.02,50,5644.02,76,6718.52,57,6248.11,35,4584.8,33,4547.55,85,4130.72,20,2379.94
2026-09-07,66782,5831087.04,29930,4181262.68,198,138032.79,507,514751.85,28793,739310.32,207699,11178307.05,26542,3289166.07,1741,849425.51,40849,282619946.46,949425,118290811.05,97403,23358545.98,12,391817.93,3482,372667.33,87,9571.63,86,9557.87,82,7748.64,62,7189.09,34,3219.45,27,3007.0,294,19323.45,61,6571.86
2026-09-08,66705,5799867.83,29586,4141111.44,198,138032.79,507,514751.85,29048,748636.14,207707,11180047.8,26539,3289899.64,1741,849425.51,40853,282627816.5,949453,118295581.63,97403,23358545.98,12,391817.93,3482,372667.33,97,12043.81,96,12030.06,91,8126.38,66,7285.69,46,5034.91,42,4961.7,193,10795.79,38,5022.02
2026-09-09,66595,5791278.83,29508,4132913.78,198,138032.79,507,514751.85,29035,748405.79,208218,11184299.53,26508,3286698.13,1741,849425.51,40857,282637315.08,949455,118295814.07,97403,23358545.98,12,391817.93,3482,372667.33,67,8003.25,66,7988.12,117,9220.02,84,8822.26,58,6794.67,51,6622.18,716,27884.33,50,4985.27
2026-09-10,66068,5717919.27,29007,4059910.1,198,138032.79,507,514751.85,29012,748078.5,208773,11203631.74,26659,3303136.24,1739,848409.38,40862,282664309.32,949628,118314792.78,97403,23358545.98,12,391817.93,3482,372667.33,90,11281.64,85,11212.89,137,14233.03,111,13877.15,45,4630.14,41,4577.86,250,12386.3,35,4565.96
2026-09-11,65914,5702704.46,28884,4045721.67,198,138032.79,507,514751.85,28996,747767.61,212303,11334572.91,27602,3384566.46,1743,850366.19,40872,282803742.09,950610,118400933.31,97407,23360502.79,12,391817.93,3482,372667.33,93,11012.12,93,11012.12,157,15598.0,125,14531.57,61,7569.28,52,7122.5,174,10490.97,44,5980.44
2026-09-12,67446,5797505.92,29505,4129126.26,198,138032.79,507,514751.85,29822,758217.0,212077,11326102.29,27579,3382000.23,1743,850366.19,40872,282803742.09,950610,118400933.31,97407,23360502.79,12,391817.93,3482,372667.33,111,11464.63,110,11435.63,114,11278.19,98,10932.01,44,3863.56,36,3662.66,125,6228.22,27,3051.78
2026-09-13,67380,5780871.28,29445,4122037.18,198,138032.79,505,503473.92,29816,758095.37,211956,11321047.09,27568,3380635.88,1743,850366.19,40872,282803742.09,950610,118400933.31,97407,23360502.79,12,391817.93,3482,372667.33,73,7917.77,61,7409.4,66,7210.71,60,7089.08,34,3446.46,34,3446.46,129,5538.25,16,1775.38
2026-09-14,67325,5775583.13,29406,4117163.0,198,138032.79,505,503473.92,29804,757798.1,211685,11308217.21,27563,3378679.36,1743,850366.19,40875,282808619.19,950645,118405581.9,97407,23360502.79,12,391817.93,3482,372667.33,77,10243.61,70,9470.02,58,5684.35,42,5270.38,67,7511.0,61,7346.8,119,9016.67,44,5845.82
2026-09-15,67779,5820248.03,29871,4162115.01,198,138032.79,505,503473.92,29799,757711.45,212568,11332352.22,27484,3370763.08,1744,850408.68,40879,282845132.2,950645,118405581.9,97408,23360545.28,12,391817.93,3482,372667.33,84,11791.05,84,11791.05,59,7138.49,48,6851.38,51,5634.46,47,5532.02,276,14776.48,85,8930.26
2026-09-17,69640,6046236.72,31769,4389239.67,198,138032.79,505,503473.92,29779,757457.87,213235,11358849.47,27440,3370383.89,1742,856289.48,40896,282883468.45,950735,118419371.92,97408,23360545.28,12,391817.93,3482,372667.33,54,6274.54,54,6274.54,63,5253.89,41,4513.98,53,5771.54,44,5287.64,131,8754.33,47,5856.22
2026-09-18,70368,6068645.06,31956,4409244.8,193,134803.64,505,503473.92,30336,763338.9,212766,11328572.82,27317,3355386.99,1742,856289.48,40896,282883468.45,950735,118419372.03,97408,23360545.28,12,391817.93,3482,372667.33,95,11826.77,88,11534.58,86,8419.45,65,7946.83,68,7282.55,57,6977.22,132,10527.41,51,6203.02
2026-09-19,70911,6120341.68,32581,4463011.57,193,134803.64,505,503473.92,30306,762577.99,212537,11320156.16,27287,3351513.32,1741,856243.55,40896,282883468.45,950735,118419372.03,97408,23360545.28,12,391817.93,3482,372667.33,92,10320.31,88,10205.37,171,12810.06,89,10739.91,40,4670.69,39,4632.53,180,7662.54,34,4604.68
2026-09-20,71198,6170265.49,32945,4514392.82,193,134803.64,505,503473.92,30283,761923.25,214134,11348224.07,27228,3344514.08,1741,856243.55,40902,282922010.2,950735,118419372.03,97408,23360545.28,12,391817.93,3482,372667.33,84,9478.87,84,9478.87,167,12765.05,90,11307.61,91,11448.21,84,11346.07,214,12791.18,53,7034.84
2026-09-21,71154,6193527.65,32900,4509293.92,193,134803.64,541,530893.44,30261,761359.75,213440,11316915.06,27188,3340169.78,1724,847275.62,40907,282927859.3,950739,118420026.63,97409,23360545.28,12,391817.93,3482,372667.33,121,13730.29,120,13681.82,99,8571.68,62,7577.45,55,5444.34,40,4900.53,220,11960.7,57,6970.09
2026-09-22,70602,6155171.94,32688,4479732.51,193,134803.64,541,530893.44,30242,760789.66,213333,11313804.58,27167,3339306.49,1723,847208.99,40911,282931451.16,950762,118423799.96,97409,23360545.28,12,391817.93,3482,372667.33,209,22858.25,206,22815.35,133,13374.16,103,12676.45,80,9681.3,74,9140.57,285,13643.02,67,7095.91
2026-09-23,70187,6105256.91,32324,4430820.96,193,134803.64,541,530893.44,30218,760147.11,213381,11334986.98,27173,3341140.16,1722,840646.99,40924,282968465.69,950798,118429628.91,97409,23360545.28,12,391817.93,3482,372667.33,394,47967.39,394,47967.39,374,44009.08,340,43260.44,65,8946.11,61,8861.13,270,20216.41,48,7166.27
